<metadata xml:lang="en"><Esri><CreaDate>20230725</CreaDate><CreaTime>09145100</CreaTime><SyncOnce>FALSE</SyncOnce><DataProperties><lineage><Process Name="Create Feature Class" ToolSource="C:\Program Files\ArcGIS\ArcToolbox\Toolboxes\Data Management Tools.tbx\CreateFeatureclass" Date="20060816" Time="135751">CreateFeatureclass "Database Connections\GIS Connection to SDE.sde\GIS.Administrative_Districts" Municipal_Boundaries # muni_lines_Layer SAME_AS_TEMPLATE SAME_AS_TEMPLATE "PROJCS['Custom',GEOGCS['GCS_North_American_1983_HARN',DATUM['D_North_American_1983',SPHEROID['GRS_1980',6378137.0,298.257222101]],PRIMEM['Greenwich',0.0],UNIT['Degree',0.0174532925199433]],PROJECTION['Transverse_Mercator'],PARAMETER['False_Easting',607000.0],PARAMETER['False_Northing',0.0],PARAMETER['Central_Meridian',-88.816667],PARAMETER['Scale_Factor',0.999996],PARAMETER['Latitude_Of_Origin',43.420278],UNIT['Foot_US',0.304800609601219]];306167.066928 105007.761428 3906.24999636202;0 100000;0 100000" WAUPACA 0 0 0 "Database Connections\GIS Connection to SDE.sde\GIS.Administrative_Districts\GIS.Municipal_Boundaries"</Process><Process Name="Append" ToolSource="C:\Program Files\ArcGIS\ArcToolbox\Toolboxes\Data Management Tools.tbx\Append" Date="20060816" Time="135753">Append muni_lines_Layer "Database Connections\GIS Connection to SDE.sde\GIS.Administrative_Districts\GIS.Municipal_Boundaries" TEST "Database Connections\GIS Connection to SDE.sde\GIS.Administrative_Districts\GIS.Municipal_Boundaries"</Process><Process Name="FeatureClassToFeatureClass_3" ToolSource="C:\Program Files\ArcGIS\ArcToolbox\Toolboxes\Conversion Tools.tbx\FeatureClassToFeatureClass" Date="20060816" Time="135753">FeatureClassToFeatureClass E:\lrsys\avdata\county\muni_lines.shp "Database Connections\GIS Connection to SDE.sde\GIS.Administrative_Districts" Municipal_Boundaries # "Shape_Leng Shape_Leng VISIBLE;CODE CODE VISIBLE;MUNIC_NAME MUNIC_NAME VISIBLE;INC_NONINC INC_NONINC VISIBLE;MUNIK MUNIK VISIBLE;Shape_Area Shape_Area VISIBLE;SVRS_CODE SVRS_CODE VISIBLE" SAME_AS_TEMPLATE SAME_AS_TEMPLATE WAUPACA 0 "Database Connections\GIS Connection to SDE.sde\GIS.Administrative_Districts\GIS.Municipal_Boundaries"</Process><Process ToolSource="C:\Program Files (x86)\ArcGIS\Desktop10.0\ArcToolbox\Toolboxes\Conversion Tools.tbx\FeatureClassToFeatureClass" Date="20110825" Time="150018">FeatureClassToFeatureClass "Database Connections\GIS Connection to waupaca1.sde\GIS.Administrative_Districts\GIS.Municipal_Boundaries" "Database Connections\GIS Connection to wcgis02.sde\SDE.GIS.Administrative_Districts" Municipal_Boundaries # "CODE "Municipal Code" true true false 5 Text 0 0 ,First,#,Database Connections\GIS Connection to waupaca1.sde\GIS.Administrative_Districts\GIS.Municipal_Boundaries,CODE,-1,-1;MUNIC_NAME "Base Municipal Name" true true false 20 Text 0 0 ,First,#,Database Connections\GIS Connection to waupaca1.sde\GIS.Administrative_Districts\GIS.Municipal_Boundaries,MUNIC_NAME,-1,-1;INC_NONINC "City/Town/Village" true true false 12 Text 0 0 ,First,#,Database Connections\GIS Connection to waupaca1.sde\GIS.Administrative_Districts\GIS.Municipal_Boundaries,INC_NONINC,-1,-1;MUNIK "Full Municipal Name" true true false 40 Text 0 0 ,First,#,Database Connections\GIS Connection to waupaca1.sde\GIS.Administrative_Districts\GIS.Municipal_Boundaries,MUNIK,-1,-1;SVRS_CODE "SVRS Code" true true false 12 Text 0 0 ,First,#,Database Connections\GIS Connection to waupaca1.sde\GIS.Administrative_Districts\GIS.Municipal_Boundaries,SVRS_CODE,-1,-1;GLOBALID "GLOBALID" false false true 38 GlobalID 0 0 ,First,#,Database Connections\GIS Connection to waupaca1.sde\GIS.Administrative_Districts\GIS.Municipal_Boundaries,GLOBALID,-1,-1;LAW_ZONE "Spillman Law Response Agency Code" true true false 12 Text 0 0 ,First,#,Database Connections\GIS Connection to waupaca1.sde\GIS.Administrative_Districts\GIS.Municipal_Boundaries,LAW_ZONE,-1,-1;LAW_DESCRIPTION "Law Enforcment Agency Descp." true true false 50 Text 0 0 ,First,#,Database Connections\GIS Connection to waupaca1.sde\GIS.Administrative_Districts\GIS.Municipal_Boundaries,LAW_DESCRIPTION,-1,-1;ZONEID "Spillman Municipal Code (Reporting)" true true false 5 Text 0 0 ,First,#,Database Connections\GIS Connection to waupaca1.sde\GIS.Administrative_Districts\GIS.Municipal_Boundaries,ZONEID,-1,-1;ZONE_DESCRIPTION "Spillman Zone Description (Reporting)" true true false 50 Text 0 0 ,First,#,Database Connections\GIS Connection to waupaca1.sde\GIS.Administrative_Districts\GIS.Municipal_Boundaries,ZONE_DESCRIPTION,-1,-1;SHAPE_AREA "SHAPE_AREA" false false true 0 Double 0 0 ,First,#,Database Connections\GIS Connection to waupaca1.sde\GIS.Administrative_Districts\GIS.Municipal_Boundaries,SHAPE.AREA,-1,-1;SHAPE_LEN "SHAPE_LEN" false false true 0 Double 0 0 ,First,#,Database Connections\GIS Connection to waupaca1.sde\GIS.Administrative_Districts\GIS.Municipal_Boundaries,SHAPE.LEN,-1,-1" #</Process><Process ToolSource="C:\Program Files (x86)\ArcGIS\Desktop10.0\ArcToolbox\Toolboxes\Data Management Tools.tbx\AddField" Date="20110929" Time="164612">AddField "Database Connections\GIS Connection to wcgis02.sde\SDE.GIS.Administrative_Districts\SDE.GIS.Municipal_Boundaries" LASTUPDATE DATE # # # "Last Update" NULLABLE NON_REQUIRED #</Process><Process ToolSource="C:\Program Files (x86)\ArcGIS\Desktop10.0\ArcToolbox\Toolboxes\Data Management Tools.tbx\AddField" Date="20110929" Time="164619">AddField "Database Connections\GIS Connection to wcgis02.sde\SDE.GIS.Administrative_Districts\SDE.GIS.Municipal_Boundaries" LASTEDITOR TEXT # # 50 "Last Editor" NULLABLE NON_REQUIRED #</Process><Process ToolSource="c:\program files (x86)\arcgis\desktop10.1\ArcToolbox\Toolboxes\Data Management Tools.tbx\CalculateField" Date="20150408" Time="084505">CalculateField SDE.GIS.Municipal_Boundaries MUNI_CODE int(!CODE!) PYTHON_9.3 #</Process><Process ToolSource="c:\program files (x86)\arcgis\desktop10.7\ArcToolbox\Toolboxes\Data Management Tools.tbx\Append" Date="20220106" Time="155342">Append muni_bnds_for_append sde.gis.Municipal_Boundaries NO_TEST "code "Municipal Code" true true false 5 Text 0 0 ,First,#,muni_bnds_for_append,code,-1,-1;munic_name "Base Municipal Name" true true false 20 Text 0 0 ,First,#,muni_bnds_for_append,munic_name,-1,-1;inc_noninc "City/Town/Village" true true false 12 Text 0 0 ,First,#,muni_bnds_for_append,inc_noninc,-1,-1;munik "Full Municipal Name" true true false 40 Text 0 0 ,First,#,muni_bnds_for_append,munik,-1,-1;globalid "globalid" false false false 38 GlobalID 0 0 ,First,#,muni_bnds_for_append,globalid,-1,-1;lastupdate "Last Update" false true false 8 Date 0 0 ,First,#,muni_bnds_for_append,lastupdate,-1,-1;lasteditor "Last Editor" false true false 50 Text 0 0 ,First,#,muni_bnds_for_append,lasteditor,-1,-1;muni_code "muni_code" true true false 2 Short 0 5 ,First,#,muni_bnds_for_append,muni_code,-1,-1;st_area(shape) "st_area(shape)" false false true 0 Double 0 0 ,First,#;st_length(shape) "st_length(shape)" false false true 0 Double 0 0 ,First,#" #</Process><Process ToolSource="c:\program files (x86)\arcgis\desktop10.7\ArcToolbox\Toolboxes\Data Management Tools.tbx\Append" Date="20230109" Time="145454">Append 'U:\lrsys\Depts\LIO\CBAS_WISE-DECADE\2023_01\New File Geodatabase.gdb\ParcelsDissolveMuni' sde.gis.Municipal_Boundaries NO_TEST "code "Municipal Code" true true false 5 Text 0 0 ,First,#,U:\lrsys\Depts\LIO\CBAS_WISE-DECADE\2023_01\New File Geodatabase.gdb\ParcelsDissolveMuni,code,-1,-1;munic_name "Base Municipal Name" true true false 20 Text 0 0 ,First,#,U:\lrsys\Depts\LIO\CBAS_WISE-DECADE\2023_01\New File Geodatabase.gdb\ParcelsDissolveMuni,munic_name,-1,-1;inc_noninc "City/Town/Village" true true false 12 Text 0 0 ,First,#,U:\lrsys\Depts\LIO\CBAS_WISE-DECADE\2023_01\New File Geodatabase.gdb\ParcelsDissolveMuni,inc_noninc,-1,-1;munik "Full Municipal Name" true true false 40 Text 0 0 ,First,#,U:\lrsys\Depts\LIO\CBAS_WISE-DECADE\2023_01\New File Geodatabase.gdb\ParcelsDissolveMuni,munik,-1,-1;globalid "globalid" false false false 38 GlobalID 0 0 ,First,#;lastupdate "Last Update" false true false 8 Date 0 0 ,First,#;lasteditor "Last Editor" false true false 50 Text 0 0 ,First,#;muni_code "muni_code" true true false 2 Short 0 5 ,First,#,U:\lrsys\Depts\LIO\CBAS_WISE-DECADE\2023_01\New File Geodatabase.gdb\ParcelsDissolveMuni,muni_name,-1,-1;st_area(shape) "st_area(shape)" false false true 0 Double 0 0 ,First,#;st_length(shape) "st_length(shape)" false false true 0 Double 0 0 ,First,#" #</Process><Process ToolSource="c:\program files\arcgis\pro\Resources\ArcToolbox\toolboxes\Conversion Tools.tbx\FeatureClassToFeatureClass" Date="20230721" Time="153029">FeatureClassToFeatureClass sde.gis.Municipal_Boundaries C:\Users\jon.galloy\PycharmProjects\PROJECTS\visualizations\data mcd.shp # "code "Municipal Code" true true false 5 Text 0 0,First,#,sde.gis.Municipal_Boundaries,code,0,5;munic_name "Base Municipal Name" true true false 20 Text 0 0,First,#,sde.gis.Municipal_Boundaries,munic_name,0,20;inc_noninc "City/Town/Village" true true false 12 Text 0 0,First,#,sde.gis.Municipal_Boundaries,inc_noninc,0,12;munik "Full Municipal Name" true true false 40 Text 0 0,First,#,sde.gis.Municipal_Boundaries,munik,0,40;globalid "globalid" false false false 38 Text 0 0,First,#,sde.gis.Municipal_Boundaries,globalid,-1,-1;lastupdate "Last Update" false true false 8 Date 0 0,First,#,sde.gis.Municipal_Boundaries,lastupdate,-1,-1;lasteditor "Last Editor" false true false 50 Text 0 0,First,#,sde.gis.Municipal_Boundaries,lasteditor,0,50;muni_code "muni_code" true true false 2 Short 0 5,First,#,sde.gis.Municipal_Boundaries,muni_code,-1,-1;st_area_shape_ "st_area(shape)" false true true 0 Double 0 0,First,#,sde.gis.Municipal_Boundaries,st_area(shape),-1,-1;st_length_shape_ "st_length(shape)" false true true 0 Double 0 0,First,#,sde.gis.Municipal_Boundaries,st_length(shape),-1,-1" #</Process><Process ToolSource="c:\program files\arcgis\pro\Resources\ArcToolbox\toolboxes\Data Management Tools.tbx\Project" Date="20230725" Time="091451">Project mcd U:\lrsys\Depts\GIS_Specialist\Pro\GENERAL\MyProject.gdb\mcd_Project PROJCS['WGS_1984_Web_Mercator_Auxiliary_Sphere',GEOGCS['GCS_WGS_1984',DATUM['D_WGS_1984',SPHEROID['WGS_1984',6378137.0,298.257223563]],PRIMEM['Greenwich',0.0],UNIT['Degree',0.0174532925199433]],PROJECTION['Mercator_Auxiliary_Sphere'],PARAMETER['False_Easting',0.0],PARAMETER['False_Northing',0.0],PARAMETER['Central_Meridian',0.0],PARAMETER['Standard_Parallel_1',0.0],PARAMETER['Auxiliary_Sphere_Type',0.0],UNIT['Meter',1.0]] NAD_1983_HARN_To_WGS_1984_2 PROJCS['NAD_1983_HARN_WISCRS_Waupaca_County_Feet',GEOGCS['GCS_North_American_1983_HARN',DATUM['D_North_American_1983_HARN',SPHEROID['GRS_1980',6378137.0,298.257222101]],PRIMEM['Greenwich',0.0],UNIT['Degree',0.0174532925199433]],PROJECTION['Transverse_Mercator'],PARAMETER['False_Easting',607000.003],PARAMETER['False_Northing',0.023],PARAMETER['Central_Meridian',-88.81666666666666],PARAMETER['Scale_Factor',1.0000333645],PARAMETER['Latitude_Of_Origin',43.42027777777778],UNIT['Foot_US',0.3048006096012192]] NO_PRESERVE_SHAPE # NO_VERTICAL</Process><Process ToolSource="c:\program files\arcgis\pro\Resources\ArcToolbox\toolboxes\Data Management Tools.tbx\DeleteField" Date="20230725" Time="091523">DeleteField mcd_Project code</Process><Process ToolSource="c:\program files\arcgis\pro\Resources\ArcToolbox\toolboxes\Data Management Tools.tbx\DeleteField" Date="20230725" Time="091536">DeleteField mcd_Project munic_name;inc_noninc</Process><Process ToolSource="c:\program files\arcgis\pro\Resources\ArcToolbox\toolboxes\Data Management Tools.tbx\DeleteField" Date="20230725" Time="091553">DeleteField mcd_Project globalid</Process><Process ToolSource="c:\program files\arcgis\pro\Resources\ArcToolbox\toolboxes\Data Management Tools.tbx\DeleteField" Date="20230725" Time="091558">DeleteField mcd_Project lastupdate</Process><Process ToolSource="c:\program files\arcgis\pro\Resources\ArcToolbox\toolboxes\Data Management Tools.tbx\DeleteField" Date="20230725" Time="091603">DeleteField mcd_Project lasteditor</Process><Process ToolSource="c:\program files\arcgis\pro\Resources\ArcToolbox\toolboxes\Data Management Tools.tbx\DeleteField" Date="20230725" Time="091609">DeleteField mcd_Project muni_code</Process><Process ToolSource="c:\program files\arcgis\pro\Resources\ArcToolbox\toolboxes\Data Management Tools.tbx\DeleteField" Date="20230725" Time="091619">DeleteField mcd_Project st_area_sh</Process><Process ToolSource="c:\program files\arcgis\pro\Resources\ArcToolbox\toolboxes\Data Management Tools.tbx\DeleteField" Date="20230725" Time="091625">DeleteField mcd_Project st_length_</Process><Process ToolSource="c:\program files\arcgis\pro\Resources\ArcToolbox\toolboxes\Data Management Tools.tbx\CalculateField" Date="20230725" Time="091732">CalculateField mcd_Project munik !munik!.upper() "Python 3" # Text</Process><Process ToolSource="c:\program files\arcgis\pro\Resources\ArcToolbox\toolboxes\Conversion Tools.tbx\FeatureClassToFeatureClass" Date="20230725" Time="092150">FeatureClassToFeatureClass mcd_Project C:\Users\jon.galloy\PycharmProjects\PROJECTS\visualizations\data mcd.shp # "munik "munik" true true false 40 Text 0 0,First,#,mcd_Project,munik,0,40;Shape_Length "Shape_Length" false true true 8 Double 0 0,First,#,mcd_Project,Shape_Length,-1,-1;Shape_Area "Shape_Area" false true true 8 Double 0 0,First,#,mcd_Project,Shape_Area,-1,-1" #</Process></lineage><itemProps><itemName Sync="TRUE">mcd</itemName><imsContentType Sync="TRUE">002</imsContentType><itemLocation><linkage Sync="TRUE">file://\\D-W10-LIO-JGAL\C$\Users\jon.galloy\PycharmProjects\PROJECTS\visualizations\data\mcd.shp</linkage><protocol Sync="TRUE">Local Area Network</protocol></itemLocation><nativeExtBox><westBL Sync="TRUE">500035.734090</westBL><eastBL Sync="TRUE">662054.213859</eastBL><southBL Sync="TRUE">299775.702619</southBL><northBL Sync="TRUE">459995.634147</northBL><exTypeCode Sync="TRUE">1</exTypeCode></nativeExtBox><itemSize Sync="TRUE">0.000</itemSize></itemProps><coordRef><type Sync="TRUE">Projected</type><geogcsn Sync="TRUE">GCS_WGS_1984</geogcsn><projcsn Sync="TRUE">WGS_1984_Web_Mercator_Auxiliary_Sphere</projcsn><peXml Sync="TRUE">&lt;ProjectedCoordinateSystem xsi:type='typens:ProjectedCoordinateSystem' xmlns:xsi='http://www.w3.org/2001/XMLSchema-instance' xmlns:xs='http://www.w3.org/2001/XMLSchema' xmlns:typens='http://www.esri.com/schemas/ArcGIS/2.7.0'&gt;&lt;WKT&gt;PROJCS[&amp;quot;WGS_1984_Web_Mercator_Auxiliary_Sphere&amp;quot;,GEOGCS[&amp;quot;GCS_WGS_1984&amp;quot;,DATUM[&amp;quot;D_WGS_1984&amp;quot;,SPHEROID[&amp;quot;WGS_1984&amp;quot;,6378137.0,298.257223563]],PRIMEM[&amp;quot;Greenwich&amp;quot;,0.0],UNIT[&amp;quot;Degree&amp;quot;,0.0174532925199433]],PROJECTION[&amp;quot;Mercator_Auxiliary_Sphere&amp;quot;],PARAMETER[&amp;quot;False_Easting&amp;quot;,0.0],PARAMETER[&amp;quot;False_Northing&amp;quot;,0.0],PARAMETER[&amp;quot;Central_Meridian&amp;quot;,0.0],PARAMETER[&amp;quot;Standard_Parallel_1&amp;quot;,0.0],PARAMETER[&amp;quot;Auxiliary_Sphere_Type&amp;quot;,0.0],UNIT[&amp;quot;Meter&amp;quot;,1.0],AUTHORITY[&amp;quot;EPSG&amp;quot;,3857]]&lt;/WKT&gt;&lt;XOrigin&gt;-20037700&lt;/XOrigin&gt;&lt;YOrigin&gt;-30241100&lt;/YOrigin&gt;&lt;XYScale&gt;148923141.92838538&lt;/XYScale&gt;&lt;ZOrigin&gt;-100000&lt;/ZOrigin&gt;&lt;ZScale&gt;10000&lt;/ZScale&gt;&lt;MOrigin&gt;-100000&lt;/MOrigin&gt;&lt;MScale&gt;10000&lt;/MScale&gt;&lt;XYTolerance&gt;0.001&lt;/XYTolerance&gt;&lt;ZTolerance&gt;0.001&lt;/ZTolerance&gt;&lt;MTolerance&gt;0.001&lt;/MTolerance&gt;&lt;HighPrecision&gt;true&lt;/HighPrecision&gt;&lt;WKID&gt;102100&lt;/WKID&gt;&lt;LatestWKID&gt;3857&lt;/LatestWKID&gt;&lt;/ProjectedCoordinateSystem&gt;</peXml><csUnits Sync="TRUE">Linear Unit: Meter (1.000000)</csUnits></coordRef><LayerFile>{"type":"CIMLayerDocument","version":"2.7.0","build":26828,"layers":["CIMPATH=Map/3181382e387644c29670275c162bf444.xml"],"layerDefinitions":[{"type":"CIMFeatureLayer","name":"mcd","uRI":"CIMPATH=Map/3181382e387644c29670275c162bf444.xml","sourceModifiedTime":{"type":"TimeInstant"},"useSourceMetadata":true,"description":"mcd","layerElevation":{"type":"CIMLayerElevationSurface","mapElevationID":"{C53EFC09-9691-4B52-A6DA-A5FE111C395F}"},"expanded":true,"layerType":"Operational","showLegends":true,"visibility":true,"displayCacheType":"Permanent","maxDisplayCacheAge":5,"showPopups":true,"serviceLayerID":-1,"refreshRate":-1,"refreshRateUnit":"esriTimeUnitsSeconds","blendingMode":"Alpha","autoGenerateFeatureTemplates":true,"featureElevationExpression":"0","featureTable":{"type":"CIMFeatureTable","displayField":"munic_name","editable":true,"dataConnection":{"type":"CIMStandardDataConnection","workspaceConnectionString":"DATABASE=..\\..\\..\\..\\..\\jon.galloy\\PycharmProjects\\PROJECTS\\visualizations\\data","workspaceFactory":"Shapefile","dataset":"mcd","datasetType":"esriDTFeatureClass"},"studyAreaSpatialRel":"esriSpatialRelUndefined","searchOrder":"esriSearchOrderSpatial"},"htmlPopupEnabled":true,"selectable":true,"featureCacheType":"Session","displayFiltersType":"ByScale","featureBlendingMode":"Alpha","labelClasses":[{"type":"CIMLabelClass","expressionTitle":"Custom","expression":"$feature.munic_name","expressionEngine":"Arcade","featuresToLabel":"AllVisibleFeatures","maplexLabelPlacementProperties":{"type":"CIMMaplexLabelPlacementProperties","featureType":"Polygon","avoidPolygonHoles":true,"canOverrunFeature":true,"canPlaceLabelOutsidePolygon":true,"canRemoveOverlappingLabel":true,"canStackLabel":true,"connectionType":"Unambiguous","constrainOffset":"NoConstraint","contourAlignmentType":"Page","contourLadderType":"Straight","contourMaximumAngle":90,"enableConnection":true,"featureWeight":0,"fontHeightReductionLimit":4,"fontHeightReductionStep":0.5,"fontWidthReductionLimit":90,"fontWidthReductionStep":5,"graticuleAlignmentType":"Straight","keyNumberGroupName":"Default","labelBuffer":15,"labelLargestPolygon":true,"labelPriority":-1,"labelStackingProperties":{"type":"CIMMaplexLabelStackingProperties","stackAlignment":"ChooseBest","maximumNumberOfLines":3,"minimumNumberOfCharsPerLine":3,"maximumNumberOfCharsPerLine":24,"separators":[{"type":"CIMMaplexStackingSeparator","separator":" ","splitAfter":true},{"type":"CIMMaplexStackingSeparator","separator":",","visible":true,"splitAfter":true}]},"lineFeatureType":"General","linePlacementMethod":"OffsetCurvedFromLine","maximumLabelOverrun":80,"maximumLabelOverrunUnit":"Point","minimumFeatureSizeUnit":"Map","multiPartOption":"OneLabelPerPart","offsetAlongLineProperties":{"type":"CIMMaplexOffsetAlongLineProperties","placementMethod":"BestPositionAlongLine","labelAnchorPoint":"CenterOfLabel","distanceUnit":"Percentage","useLineDirection":true},"pointExternalZonePriorities":{"type":"CIMMaplexExternalZonePriorities","aboveLeft":4,"aboveCenter":2,"aboveRight":1,"centerRight":3,"belowRight":5,"belowCenter":7,"belowLeft":8,"centerLeft":6},"pointPlacementMethod":"AroundPoint","polygonAnchorPointType":"GeometricCenter","polygonBoundaryWeight":0,"polygonExternalZones":{"type":"CIMMaplexExternalZonePriorities","aboveLeft":4,"aboveCenter":2,"aboveRight":1,"centerRight":3,"belowRight":5,"belowCenter":7,"belowLeft":8,"centerLeft":6},"polygonFeatureType":"General","polygonInternalZones":{"type":"CIMMaplexInternalZonePriorities","center":1},"polygonPlacementMethod":"HorizontalInPolygon","primaryOffset":1,"primaryOffsetUnit":"Point","removeExtraWhiteSpace":true,"repetitionIntervalUnit":"Point","rotationProperties":{"type":"CIMMaplexRotationProperties","rotationType":"Arithmetic","alignmentType":"Straight"},"secondaryOffset":100,"strategyPriorities":{"type":"CIMMaplexStrategyPriorities","stacking":1,"overrun":2,"fontCompression":3,"fontReduction":4,"abbreviation":5},"thinningDistanceUnit":"Point","truncationMarkerCharacter":".","truncationMinimumLength":1,"truncationPreferredCharacters":"aeiou","truncationExcludedCharacters":"0123456789","polygonAnchorPointPerimeterInsetUnit":"Point"},"name":"Class 1","priority":-1,"standardLabelPlacementProperties":{"type":"CIMStandardLabelPlacementProperties","featureType":"Line","featureWeight":"None","labelWeight":"High","numLabelsOption":"OneLabelPerName","lineLabelPosition":{"type":"CIMStandardLineLabelPosition","above":true,"inLine":true,"parallel":true},"lineLabelPriorities":{"type":"CIMStandardLineLabelPriorities","aboveStart":3,"aboveAlong":3,"aboveEnd":3,"centerStart":3,"centerAlong":3,"centerEnd":3,"belowStart":3,"belowAlong":3,"belowEnd":3},"pointPlacementMethod":"AroundPoint","pointPlacementPriorities":{"type":"CIMStandardPointPlacementPriorities","aboveLeft":2,"aboveCenter":2,"aboveRight":1,"centerLeft":3,"centerRight":2,"belowLeft":3,"belowCenter":3,"belowRight":2},"rotationType":"Arithmetic","polygonPlacementMethod":"AlwaysHorizontal"},"textSymbol":{"type":"CIMSymbolReference","symbol":{"type":"CIMTextSymbol","blockProgression":"TTB","depth3D":1,"extrapolateBaselines":true,"fontEffects":"Normal","fontEncoding":"Unicode","fontFamilyName":"Red Hat Display","fontStyleName":"Regular","fontType":"Unspecified","haloSize":1,"height":10,"hinting":"Default","horizontalAlignment":"Left","kerning":true,"letterWidth":100,"ligatures":true,"lineGapType":"ExtraLeading","symbol":{"type":"CIMPolygonSymbol","symbolLayers":[{"type":"CIMSolidFill","enable":true,"color":{"type":"CIMRGBColor","values":[0,0,0,100]}}]},"textCase":"Normal","textDirection":"LTR","verticalAlignment":"Bottom","verticalGlyphOrientation":"Right","wordSpacing":100,"billboardMode3D":"FaceNearPlane"}},"useCodedValue":true,"visibility":true,"iD":-1}],"renderer":{"type":"CIMSimpleRenderer","patch":"Default","symbol":{"type":"CIMSymbolReference","symbol":{"type":"CIMPolygonSymbol","symbolLayers":[{"type":"CIMSolidStroke","enable":true,"capStyle":"Round","joinStyle":"Round","lineStyle3D":"Strip","miterLimit":10,"width":0.69999999999999996,"color":{"type":"CIMRGBColor","values":[110,110,110,100]}},{"type":"CIMSolidFill","enable":true,"color":{"type":"CIMRGBColor","values":[207.009999999999991,210.039999999999992,252.449999999999989,100]}}]}}},"scaleSymbols":true,"snappable":true}]}</LayerFile></DataProperties><SyncDate>20230725</SyncDate><SyncTime>09215000</SyncTime><ModDate>20230725</ModDate><ModTime>09215000</ModTime><ArcGISFormat>1.0</ArcGISFormat><ArcGISstyle>FGDC CSDGM Metadata</ArcGISstyle></Esri><idinfo><native Sync="TRUE">Microsoft Windows 2000 Version 5.2 (Build 3790) Service Pack 2; ESRI ArcCatalog 9.3.1.1850</native><descript><langdata Sync="TRUE">en</langdata><abstract>The data set represents the jurisdictional boundaries for the various units of local government within Waupaca County, Wisconsin.  The data is represented using polygons stored in a Geodatabase.  The data is updated annually.  The current publication date is January, 1 2008.</abstract><purpose>The data serves as a reference for multiple uses.  These uses include, but are not limited to; taxation, assessment, property locations, emergency response, regulation enforcement, and general mapping.</purpose></descript><citation><citeinfo><origin>Waupaca County Land Information</origin><pubdate>January 1, 2008</pubdate><title>Municipal_Boundaries</title><ftname Sync="TRUE">GIS.Municipal_Boundaries</ftname><geoform Sync="TRUE">vector digital data</geoform><onlink Sync="TRUE">Server=waupaca1; Service=5151; User=GIS; Version=SDE.DEFAULT</onlink><pubtime>Unknown</pubtime></citeinfo></citation><timeperd><current>publication date</current><timeinfo><sngdate><caldate>Jan 1, 2008</caldate><time>unknown</time></sngdate></timeinfo></timeperd><status><progress>In work</progress><update>Annually</update></status><spdom><bounding><westbc Sync="TRUE">-89.227875</westbc><eastbc Sync="TRUE">-88.562693</eastbc><northbc Sync="TRUE">44.682074</northbc><southbc Sync="TRUE">44.241884</southbc></bounding><lboundng><leftbc Sync="TRUE">500035.733989</leftbc><rightbc Sync="TRUE">673063.516550</rightbc><bottombc Sync="TRUE">299775.702729</bottombc><topbc Sync="TRUE">459995.634015</topbc></lboundng></spdom><keywords><place><placekey>Waupaca County</placekey><placekey>Town of Bear Creek</placekey><placekey>Town of Caledonia</placekey><placekey>Town of Dayton</placekey><placekey>Town of Dupont</placekey><placekey>Town of Farmington</placekey><placekey>Town of Fremont</placekey><placekey>Town of Harrison</placekey><placekey>Town of Helvetia</placekey><placekey>Town of Iola</placekey><placekey>Town of Larrabee</placekey><placekey>Town of Lebanon</placekey><placekey>Town of Lind</placekey><placekey>Town of Little Wolf</placekey><placekey>Town of Matteson</placekey><placekey>Town of Mukwa</placekey><placekey>Town of Royalton</placekey><placekey>Town of Scandinavia</placekey><placekey>Town of St. Lawrence</placekey><placekey>Town of Union</placekey><placekey>Town of Waupaca</placekey><placekey>Town of Weyauwega</placekey><placekey>Town of Wyoming</placekey><placekey>WI</placekey><placekey>Wisconsin</placekey><placekey>United States of America</placekey><placekey>Planet Earth</placekey></place><theme><themekey>Minor Civil Divisions</themekey><themekey>Local Government</themekey><themekey>Townships</themekey><themekey>Cities</themekey><themekey>Villages</themekey><themekey>Municipal Boundaries</themekey><themekt>boundaries</themekt><themekey>Town and Range</themekey></theme></keywords><accconst>none</accconst><useconst>The data herein, including but not limited to geographic data, tabular data, analytical data, electronic data structures or files, are provided without warranty of any kind, either expressed or implied, or statutory, including, but not limited to, the implied warranties or merchantability and fitness for a particular purpose. The entire risk as to the quality and performance of the data is assumed by the user. No guarantee of accuracy is granted, nor is any responsibility for reliance thereon assumed. In no event, shall Waupaca County will be liable for direct, indirect, incidental, consequential or special damages of any kind, including, but not limited to, loss of anticipated profits or benefits arising out of use of or reliance on the data. Waupaca County does not accept liability for any damages or misrepresentation caused by inaccuracies in the data or as a result of changes to the data caused by system transfers or other transformations or conversions, nor is there responsibility assumed to maintain the data in any manner or form. These data have been developed from the best available sources. Although efforts have been made to ensure that the data are accurate and reliable, errors and variable conditions originating from physical sources used to develop the data may be reflected in the data supplied. Users must be aware of these conditions and bear responsibility for the appropriate use of the information with respect to possible errors, scale, resolution, rectification, positional accuracy, development methodology, time period, environmental and climatic conditions and other circumstances specific to these data. The user is responsible for understanding the accuracy limitations of the data provided herein. The burden for determining fitness for use lies entirely with the user. The user should refer to the accompanying metadata notes for a description of the data and data development procedures.</useconst><natvform Sync="TRUE">SDE Feature Class</natvform><ptcontac><cntinfo><cntorgp><cntorg>Waupaca County Land Information</cntorg><cntper>Ian Grasshoff</cntper></cntorgp><cntpos>GIS Analyst / LIO</cntpos><cntvoice>(715) 258-6496</cntvoice><cntfax>(715) 258-6212</cntfax><cntemail>igrass@co.waupaca.wi.us</cntemail><hours>8:00 AM - 4:00 PM CST</hours><cntaddr><address>Land Information</address><address>811 Harding Street</address><addrtype>mailing and physical address</addrtype><city>Waupaca</city><state>Wisconsin</state><postal>54981</postal><country>United States of America</country></cntaddr></cntinfo></ptcontac></idinfo><dataIdInfo><envirDesc Sync="TRUE">Microsoft Windows 10 Version 10.0 (Build 19045) ; Esri ArcGIS 12.7.0.26828</envirDesc><dataLang><languageCode Sync="TRUE" value="eng" country="USA"/><countryCode value="USA" Sync="TRUE"/></dataLang><idCitation><resTitle Sync="TRUE">mcd</resTitle><presForm><PresFormCd Sync="TRUE" value="005"/></presForm></idCitation><spatRpType><SpatRepTypCd Sync="TRUE" value="001"/></spatRpType><dataExt><geoEle><GeoBndBox esriExtentType="native"><westBL Sync="TRUE">500035.733989</westBL><eastBL Sync="TRUE">673063.51655</eastBL><northBL Sync="TRUE">459995.634015</northBL><southBL Sync="TRUE">299775.702729</southBL><exTypeCode Sync="TRUE">1</exTypeCode></GeoBndBox></geoEle></dataExt><geoBox esriExtentType="decdegrees"><westBL Sync="TRUE">-89.227875</westBL><eastBL Sync="TRUE">-88.562693</eastBL><northBL Sync="TRUE">44.682074</northBL><southBL Sync="TRUE">44.241884</southBL><exTypeCode Sync="TRUE">1</exTypeCode></geoBox><descKeys><thesaName uuidref="723f6998-058e-11dc-8314-0800200c9a66"/><keyword Sync="TRUE">002</keyword></descKeys><dataExt><geoEle><GeoBndBox esriExtentType="search"><exTypeCode Sync="TRUE">1</exTypeCode><westBL Sync="TRUE">-89.227875</westBL><eastBL Sync="TRUE">-88.605017</eastBL><northBL Sync="TRUE">44.682074</northBL><southBL Sync="TRUE">44.241884</southBL></GeoBndBox></geoEle></dataExt></dataIdInfo><metainfo><langmeta Sync="TRUE">en</langmeta><metstdn Sync="TRUE">FGDC Content Standards for Digital Geospatial Metadata</metstdn><metstdv Sync="TRUE">FGDC-STD-001-1998</metstdv><mettc Sync="TRUE">local time</mettc><metc><cntinfo><cntorgp><cntper>Ian Grasshoff</cntper><cntorg>Waupaca County Land Information</cntorg></cntorgp><cntaddr><addrtype>mailing and physical address</addrtype><city>Waupaca</city><state>Wisconsin</state><postal>54981</postal><address>Land Information</address><address>811 Harding Street</address><country>United States of America</country></cntaddr><cntvoice>(715) 258-6496</cntvoice><cntpos>GIS Analyst / LIO</cntpos><cntfax>(715) 258-6212</cntfax><cntemail>igrass@co.waupaca.wi.us</cntemail><hours>8:00 AM - 4:00 PM CST</hours></cntinfo></metc><metd Sync="TRUE">20101208</metd><metrd>5/21/08</metrd><metfrd>5/21/09</metfrd><metac>none</metac><metuc>none</metuc><metsi><metsc>Unclassified</metsc></metsi></metainfo><mdLang><languageCode Sync="TRUE" value="eng"/><countryCode value="USA" Sync="TRUE"/></mdLang><mdStanName Sync="TRUE">ISO 19115 Geographic Information - Metadata</mdStanName><mdStanVer Sync="TRUE">DIS_ESRI1.0</mdStanVer><mdChar><CharSetCd Sync="TRUE" value="004"/></mdChar><mdHrLv><ScopeCd Sync="TRUE" value="005"/></mdHrLv><mdHrLvName Sync="TRUE">dataset</mdHrLvName><distinfo><resdesc Sync="TRUE">Downloadable Data</resdesc><distrib><cntinfo><cntaddr><address>Land Information</address><addrtype>mailing and physical address</addrtype><address>811 Harding St</address><city>Waupaca</city><state>Wisconsin</state><postal>54981</postal><country>United State of America</country></cntaddr><cntorgp><cntorg>Waupaca County Land Information</cntorg><cntper>Ian Grasshoff</cntper></cntorgp><cntpos>GIS Analyst / LIO</cntpos><cntvoice>(715) 258-6496</cntvoice><cntfax>(715) 258-6212</cntfax><cntemail>igrass@co.waupaca.wi.us</cntemail><hours>8:00 AM - 4:00 PM CST</hours></cntinfo></distrib><distliab>The Waupaca County Land Information Office assumes no responsibility for the accuracy of the information provided after it has been distributed in any fashion to any person or entity.</distliab><stdorder><fees>$ 50 for a CD-ROM</fees><ordering>Contact the Waupaca County Land Information Office via phone or e-mail.</ordering><turnarnd>One week</turnarnd></stdorder><custom>Contact the Waupaca County Land Information Office</custom></distinfo><distInfo><distributor><distorTran><onLineSrc><orDesc Sync="TRUE">002</orDesc><linkage Sync="TRUE">Server=waupaca1; Service=5151; User=GIS; Version=SDE.DEFAULT</linkage><protocol Sync="TRUE">ArcSDE Connection</protocol></onLineSrc></distorTran><distorFormat><formatName Sync="TRUE">SDE Feature Class</formatName></distorFormat></distributor><distFormat><formatName Sync="TRUE">Shapefile</formatName></distFormat><distTranOps><transSize Sync="TRUE">0.000</transSize></distTranOps></distInfo><spdoinfo><direct Sync="TRUE">Vector</direct><ptvctinf><esriterm Name="mcd"><efeatyp Sync="TRUE">Simple</efeatyp><efeageom code="4" Sync="TRUE"></efeageom><esritopo Sync="TRUE">FALSE</esritopo><efeacnt Sync="TRUE">0</efeacnt><spindex Sync="TRUE">FALSE</spindex><linrefer Sync="TRUE">FALSE</linrefer></esriterm></ptvctinf></spdoinfo><spref><horizsys><cordsysn><geogcsn Sync="TRUE">GCS_North_American_1983_HARN</geogcsn><projcsn Sync="TRUE">NAD_1983_HARN_WISCRS_Waupaca_County_Feet</projcsn></cordsysn><planar><planci><plance Sync="TRUE">coordinate pair</plance><plandu Sync="TRUE">survey feet</plandu><coordrep><absres Sync="TRUE">0.000256</absres><ordres Sync="TRUE">0.000256</ordres></coordrep></planci></planar><geodetic><horizdn Sync="TRUE">D_North_American_1983_HARN</horizdn><ellips Sync="TRUE">Geodetic Reference System 80</ellips><semiaxis Sync="TRUE">6378137.000000</semiaxis><denflat Sync="TRUE">298.257222</denflat></geodetic></horizsys><vertdef><altsys><altenc Sync="TRUE">Explicit elevation coordinate included with horizontal coordinates</altenc><altres Sync="TRUE">1.000000</altres></altsys></vertdef></spref><refSysInfo><RefSystem><refSysID><identCode Sync="TRUE" code="3857">NAD_1983_HARN_WISCRS_Waupaca_County_Feet</identCode><idCodeSpace Sync="TRUE">EPSG</idCodeSpace><idVersion Sync="TRUE">6.18.3(9.3.1.2)</idVersion></refSysID></RefSystem></refSysInfo><spatRepInfo><VectSpatRep><geometObjs Name="mcd"><geoObjTyp><GeoObjTypCd value="002" Sync="TRUE"></GeoObjTypCd></geoObjTyp><geoObjCnt Sync="TRUE">0</geoObjCnt></geometObjs><topLvl><TopoLevCd value="001" Sync="TRUE"></TopoLevCd></topLvl></VectSpatRep></spatRepInfo><eainfo><detailed Name="mcd"><enttyp><enttypl Sync="TRUE">mcd</enttypl><enttypt Sync="TRUE">Feature Class</enttypt><enttypc Sync="TRUE">0</enttypc></enttyp><attr><attrlabl Sync="TRUE">FID</attrlabl><attalias Sync="TRUE">FID</attalias><attrtype Sync="TRUE">OID</attrtype><attwidth Sync="TRUE">4</attwidth><atprecis Sync="TRUE">0</atprecis><attscale Sync="TRUE">0</attscale><attrdef Sync="TRUE">Internal feature number.</attrdef><attrdefs Sync="TRUE">Esri</attrdefs><attrdomv><udom Sync="TRUE">Sequential unique whole numbers that are automatically generated.</udom></attrdomv></attr><attr><attrlabl Sync="TRUE">MUNIK</attrlabl><attalias Sync="TRUE">munik</attalias><attrtype Sync="TRUE">String</attrtype><attwidth Sync="TRUE">40</attwidth><atprecis Sync="TRUE">0</atprecis><attscale Sync="TRUE">0</attscale></attr><attr><attrlabl Sync="TRUE">SHAPE</attrlabl><attalias Sync="TRUE">Shape</attalias><attrtype Sync="TRUE">Geometry</attrtype><attwidth Sync="TRUE">0</attwidth><atprecis Sync="TRUE">0</atprecis><attscale Sync="TRUE">0</attscale><attrdef Sync="TRUE">Feature geometry.</attrdef><attrdefs Sync="TRUE">ESRI</attrdefs><attrdomv><udom Sync="TRUE">Coordinates defining the features.</udom></attrdomv></attr><attr><attrlabl Sync="TRUE">Shape_Leng</attrlabl><attalias Sync="TRUE">Shape_Leng</attalias><attrtype Sync="TRUE">Double</attrtype><attwidth Sync="TRUE">19</attwidth><atprecis Sync="TRUE">0</atprecis><attscale Sync="TRUE">0</attscale></attr><attr><attrlabl Sync="TRUE">Shape_Area</attrlabl><attalias Sync="TRUE">Shape_Area</attalias><attrtype Sync="TRUE">Double</attrtype><attwidth Sync="TRUE">19</attwidth><atprecis Sync="TRUE">0</atprecis><attscale Sync="TRUE">0</attscale><attrdef Sync="TRUE">Area of feature in internal units squared.</attrdef><attrdefs Sync="TRUE">Esri</attrdefs><attrdomv><udom Sync="TRUE">Positive real numbers that are automatically generated.</udom></attrdomv></attr></detailed></eainfo><mdDateSt Sync="TRUE">20230725</mdDateSt><dataqual><lineage><procstep><procdesc>1.  Inteligraphics converted original hand drawn paper parcel maps to ArcInfo Coverages.
2.  Coverages were referenced to the original Waupaca County Coodinate System.
3.  Public Land Survey System (PLSS) coverages created using surveyor section summaries and GPS ground control coordinates (in WCCS).
4.  Municipal boundary township lines created based on PLSS lines
5.  City and Village boundaries created from various sources including original hand drawn parcel maps from Property listing and from legal descriptions created for the various municipalities.
6.  Polygons attributed.
7. Topology Created and validated
8.  Dataset converted to WICRS Waupaca Feet_US
</procdesc><srcused Sync="TRUE">Server=waupaca1; Service=5151; User=GIS; Version=SDE.DEFAULT</srcused><date Sync="TRUE">20080513</date><time Sync="TRUE">18464900</time><proccont><cntinfo><cntaddr><address>Land Information</address><addrtype>mailing and physical address</addrtype><address>811 Harding Street</address><city>Waupaca</city><state>WI</state><postal>54981</postal><country>United States of America</country></cntaddr><cntorgp><cntorg>Waupaca County Land Information</cntorg><cntper>Ian Grasshoff</cntper></cntorgp><cntpos>GIS Analyst / LIO</cntpos><cntvoice>(715) 258-6496</cntvoice><cntfax>(715) 258-6212</cntfax><cntemail>igrass@co.waupaca.wi.us</cntemail><hours>8:00 AM - 4:00 PM CST</hours></cntinfo></proccont><procsv>ArcInfo 8, ArcGIS 9.0, 9.1, 9.2</procsv><procdate>Varies</procdate></procstep><procstep><procdesc Sync="TRUE">Dataset copied.</procdesc><srcused Sync="TRUE">\\LIO-JBUCK\C$\WICRS_Conv\WICRS_Conv.gdb</srcused><date Sync="TRUE">20080514</date><time Sync="TRUE">09302600</time></procstep><srcinfo><srcscale>1:4800</srcscale><typesrc>paper</typesrc><srccontr>Original hand drawn parcel maps.</srccontr></srcinfo><procstep><procdesc Sync="TRUE">Dataset copied.</procdesc><srcused Sync="TRUE">Server=waupaca1; Service=5151; User=GIS; Version=SDE.DEFAULT</srcused><procdate Sync="TRUE">20090408</procdate><proctime Sync="TRUE">17102500</proctime></procstep></lineage><attracc><attraccr>Attributes have all be checked countless times.  This data set is used on a daily basis so any attribute errors would be caught immediately.</attraccr></attracc><logic>The data is part of a geodatabase topology.  The topology identifies overlaps and gaps between polygons.  </logic><complete>100% complete coverage of Waupaca County, Wisconsin.</complete><posacc><horizpa><horizpar>Data was/is created from various sources.  There is a good possibility that horizontal errors exist.</horizpar></horizpa><vertacc><vertaccr>N/A</vertaccr></vertacc></posacc></dataqual></metadata>
